GiftId,TripId
23423,1001
8980,1001
93170,1001
59612,1001
21108,1001
95265,1001
48039,1001
70526,1001
61921,1001
39050,1001
98252,1001
88478,1001
78441,1001
28114,1001
95840,1001
67609,1001
12524,1001
5933,1001
67864,1001
14113,1001
77802,1001
59728,1001
42059,1001
94854,1001
83816,1001
16877,1001
72115,1001
99672,1001
67652,1001
92411,1001
73892,1001
6973,1001
96593,1001
46912,1001
77761,1001
42650,1001
35421,1001
67881,1001
24079,1001
23720,1001
38219,1001
69745,1001
15892,1001
63299,1001
3244,1001
56390,1001
34900,1001
46937,1001
51554,1001
63483,1001
82592,1001
97849,1001
52547,1001
67428,1001
37982,1001
62167,1001
21687,1001
43103,1001
2975,1001
95782,1001
86082,1001
80419,1001
6286,1001
5069,1001
39299,1001
94440,1001
40094,1001
61631,1001
72606,1001
40031,1001
34610,1001
43742,1002
88648,1002
10227,1002
78111,1002
44338,1002
73873,1002
7487,1002
96027,1002
57388,1002
77119,1002
29475,1002
94639,1002
28156,1002
69896,1002
32637,1002
49160,1002
90121,1002
32072,1002
58379,1002
46755,1002
27273,1002
77526,1002
3816,1002
85409,1002
4804,1002
74514,1002
74859,1002
24933,1002
68397,1002
23834,1002
45570,1002
57227,1002
98518,1002
93584,1002
5642,1002
50933,1002
91731,1002
52732,1002
49152,1002
31294,1002
35109,1002
12626,1002
52313,1002
40990,1002
67274,1002
65379,1002
41845,1002
1909,1002
81879,1003
17833,1003
69319,1003
78493,1003
31803,1003
20990,1003
62329,1003
41494,1003
73396,1003
49851,1003
89842,1003
70078,1003
45300,1003
32469,1003
98107,1003
1057,1003
88211,1003
5696,1003
31560,1003
50222,1003
7063,1003
86883,1003
3853,1003
49825,1003
43276,1003
81764,1003
58919,1003
31140,1003
87588,1003
79750,1003
30806,1003
66592,1003
19911,1003
85289,1003
92221,1003
12677,1003
78308,1003
36733,1003
80491,1003
22872,1003
22165,1003
38312,1003
96589,1003
80432,1003
44571,1003
73335,1003
29162,1003
95814,1003
65722,1003
73780,1003
10619,1003
87774,1003
57846,1003
41030,1003
86398,1003
40107,1003
35842,1004
71551,1004
53092,1004
43152,1004
32787,1004
67470,1004
41314,1004
89946,1004
88309,1004
92340,1004
42314,1004
64733,1004
25302,1004
39489,1004
21037,1004
35808,1004
21329,1004
72890,1004
94682,1004
61834,1004
61924,1004
73334,1004
73284,1004
69047,1004
97515,1004
73227,1004
67883,1004
5731,1004
3685,1004
67088,1004
77082,1004
16114,1004
95900,1004
70216,1004
93393,1004
55426,1004
87889,1004
11501,1004
29140,1004
916,1004
7672,1004
77801,1004
43151,1004
11305,1004
60821,1004
92057,1004
74562,1004
65948,1004
19209,1004
84050,1004
58851,1004
5161,1004
12870,1004
93590,1004
2283,1004
15124,1004
29925,1004
34490,1004
2318,1004
386,1004
57093,1004
86849,1004
3950,1004
85056,1004
83413,1004
76430,1004
7634,1004
70564,1004
5457,1004
58643,1005
36423,1005
53007,1005
58051,1005
28574,1005
25703,1005
98657,1005
87232,1005
37049,1005
61853,1005
88280,1005
73679,1005
43799,1005
52309,1005
20180,1005
17692,1005
57256,1005
76612,1005
55993,1005
68947,1005
9527,1005
22136,1005
72557,1005
18808,1005
55470,1005
98290,1005
23189,1005
93662,1005
58483,1005
46340,1005
32363,1005
50337,1005
1031,1005
29401,1005
61009,1005
42310,1005
80704,1005
43588,1005
28735,1005
25657,1005
45845,1005
4372,1005
9294,1005
15323,1005
85936,1005
20293,1005
14886,1005
41400,1005
64112,1005
98007,1005
74576,1005
82227,1005
22857,1005
60427,1005
3926,1005
84940,1005
32616,1005
13936,1005
37724,1005
60366,1005
2478,1005
20712,1005
23284,1005
49432,1005
80015,1005
34835,1005
59418,1005
26829,1005
13222,1005
78279,1005
55839,1005
50908,1005
32036,1005
30114,1005
17047,1005
60238,1005
59234,1005
78316,1005
64694,1005
5064,1005
63482,1005
67058,1006
99752,1006
58599,1006
2133,1006
98444,1006
3513,1006
43078,1006
38430,1006
94366,1006
80729,1006
25495,1006
62620,1006
27372,1006
62569,1006
4456,1006
17835,1006
85917,1006
43807,1006
31689,1006
81275,1006
73580,1006
31772,1006
75149,1006
14129,1006
47264,1006
70255,1006
47261,1006
48866,1006
39617,1006
58641,1006
52504,1006
64905,1006
66183,1006
70653,1006
55002,1006
36858,1006
7869,1006
78790,1006
99218,1006
1978,1006
46630,1006
59610,1006
64438,1006
83938,1006
20032,1006
22192,1006
73860,1006
18947,1006
91064,1006
42258,1006
46196,1006
18123,1006
35642,1006
29326,1006
52659,1006
36816,1006
33534,1006
92153,1006
52956,1006
89641,1006
59084,1006
34992,1006
59335,1006
95658,1006
17941,1006
5834,1006
97232,1006
64598,1006
13268,1006
39766,1006
91133,1006
26313,1006
13725,1006
12527,1006
15143,1006
16130,1006
47760,1006
62749,1006
37937,1006
66674,1007
39290,1007
56901,1007
49390,1007
62186,1007
3424,1007
52258,1007
73043,1007
19902,1007
78646,1007
92170,1007
65267,1007
69379,1007
89913,1007
56198,1007
28348,1007
41124,1007
69091,1007
65670,1007
93909,1007
48409,1007
76704,1007
94890,1007
12039,1007
99435,1007
46459,1007
77033,1007
71540,1007
73393,1007
93808,1007
16795,1007
90197,1007
69171,1007
49366,1007
72914,1007
96903,1007
56993,1007
43110,1007
33131,1007
87619,1007
43416,1007
60233,1007
36822,1007
16287,1007
3120,1007
40988,1007
96096,1007
18140,1007
20864,1007
42792,1007
11003,1007
29286,1007
62373,1007
10031,1007
53776,1007
27478,1007
35732,1007
38052,1008
90974,1008
10761,1008
87691,1008
27392,1008
65014,1008
19956,1008
28073,1008
71985,1008
70303,1008
99548,1008
46859,1008
86366,1008
18400,1008
62862,1008
14012,1008
7315,1008
57907,1008
61466,1008
76003,1008
55272,1008
4506,1008
72864,1008
35853,1008
46662,1008
46151,1008
43231,1008
51367,1008
7952,1008
85238,1008
30385,1008
78386,1008
66409,1008
38051,1008
87873,1008
96847,1008
96365,1008
44987,1008
95907,1008
99238,1008
24029,1008
38384,1008
22596,1008
43580,1008
61194,1008
6305,1008
58030,1008
4863,1008
78134,1008
67750,1008
2532,1008
28965,1008
1004,1008
35463,1008
49779,1008
11750,1008
21803,1008
74254,1008
18213,1008
53071,1008
99970,1008
63051,1008
31915,1008
62611,1008
53435,1009
130,1009
99253,1009
27714,1009
92171,1009
97947,1009
51972,1009
96160,1009
95754,1009
7002,1009
34111,1009
17905,1009
67848,1009
12494,1009
77531,1009
92258,1009
65453,1009
38244,1009
40994,1009
9700,1009
39233,1009
33516,1009
42311,1009
94181,1009
22039,1009
48812,1009
56182,1009
13777,1009
12251,1009
54203,1009
25987,1009
158,1009
91032,1009
49086,1009
75690,1009
42019,1009
81278,1009
54681,1009
35032,1009
24557,1009
25996,1009
37856,1009
45087,1009
24102,1009
45566,1009
11226,1009
4215,1009
20912,1009
43050,1009
24375,1009
27750,1009
74462,1009
50365,1009
66517,1009
98565,1009
25769,1009
88173,1009
49010,1009
87122,1009
90280,1009
98320,1009
77959,1009
63003,1009
42749,1009
8589,1009
91384,1009
90618,1009
55779,1009
27934,1009
71730,1009
73480,1009
30889,1009
7087,1009
21038,1009
57524,1009
48197,1009
73507,1009
44747,1010
50181,1010
28981,1010
85984,1010
74742,1010
20523,1010
27094,1010
31623,1010
36888,1010
85882,1010
7479,1010
4657,1010
31905,1010
40518,1010
81056,1010
39904,1010
43112,1010
62297,1010
32887,1010
49793,1010
10543,1010
11246,1010
27605,1010
12345,1010
30039,1010
37582,1010
37586,1010
80456,1010
8093,1010
85807,1010
4010,1010
57490,1010
92730,1010
67982,1010
13964,1010
39461,1010
27231,1010
38953,1010
52937,1010
65896,1010
13374,1010
25613,1010
79667,1010
51945,1010
29323,1010
57164,1010
19834,1010
67596,1010
4488,1010
53132,1010
17808,1010
22813,1010
68737,1010
22944,1010
81742,1010
26460,1010
68054,1010
59478,1010
24387,1010
89653,1010
81968,1010
92048,1010
93221,1010
32850,1011
80398,1011
23964,1011
66347,1011
75550,1011
76679,1011
22392,1011
30996,1011
14206,1011
30984,1011
33658,1011
34218,1011
347,1011
18067,1011
96704,1011
53193,1011
93416,1011
38889,1011
4236,1011
15486,1011
47947,1011
1106,1011
61925,1011
24562,1011
30366,1011
50858,1011
67827,1011
87296,1011
65132,1011
47688,1011
75762,1011
80006,1011
62423,1011
16855,1011
45280,1011
77180,1011
53617,1011
42113,1011
23841,1011
21744,1011
91057,1011
92136,1011
8973,1011
8947,1011
88028,1011
86813,1011
21224,1011
79531,1011
47970,1011
49109,1011
71848,1011
17824,1011
88828,1011
50409,1011
12529,1011
8467,1011
14774,1011
42056,1011
2928,1011
57910,1011
49317,1011
13973,1011
1873,1011
62643,1011
35930,1011
51957,1011
17134,1011
73262,1011
80241,1011
93478,1012
42995,1012
81057,1012
14387,1012
25326,1012
23428,1012
25242,1012
12090,1012
21062,1012
59408,1012
41312,1012
55519,1012
74407,1012
94877,1012
33494,1012
86801,1012
63275,1012
10040,1012
91702,1012
39586,1012
90391,1012
92014,1012
85132,1012
17321,1012
20610,1012
4226,1012
97836,1012
97264,1012
55660,1012
17674,1012
17130,1012
3664,1012
52353,1012
25354,1012
68338,1012
39443,1012
24212,1012
78630,1012
95667,1012
6582,1012
25142,1012
32986,1012
67246,1012
61475,1012
37398,1012
38073,1012
39555,1012
79301,1012
82485,1012
68355,1012
33415,1012
4930,1012
29651,1012
17259,1012
60155,1012
96735,1012
5795,1012
34400,1012
61755,1012
7231,1012
14788,1012
75048,1012
51467,1012
78722,1012
48525,1012
20053,1012
15120,1012
51810,1012
40577,1012
85327,1012
34468,1012
11067,1012
72678,1012
48413,1012
7295,1012
31870,1012
26613,1012
22109,1012
73752,1012
91158,1013
74691,1013
64378,1013
94558,1013
81105,1013
98453,1013
7632,1013
40927,1013
13538,1013
45513,1013
3271,1013
3556,1013
78213,1013
93272,1013
8851,1013
94621,1013
13816,1013
43592,1013
31824,1013
32379,1013
81197,1013
68939,1013
65376,1013
48485,1013
44539,1013
27154,1013
28866,1013
80551,1013
21667,1013
35645,1013
14256,1013
1065,1013
11432,1013
82063,1013
27864,1013
86628,1013
55687,1013
98104,1013
1290,1013
32149,1013
47605,1013
56709,1013
12228,1013
87773,1013
78443,1013
412,1013
32895,1013
76270,1013
24294,1013
39933,1013
80577,1013
85050,1013
17461,1013
15915,1013
71650,1013
24452,1013
44337,1013
94442,1013
34987,1013
83508,1013
53225,1013
48590,1013
52029,1014
79732,1014
34985,1014
10818,1014
86630,1014
42826,1014
10379,1014
51461,1014
29359,1014
46762,1014
25957,1014
26688,1014
36604,1014
7494,1014
21929,1014
1146,1014
93252,1014
50165,1014
48427,1014
63304,1014
90389,1014
90988,1014
92607,1014
45720,1014
94048,1014
99918,1014
88627,1014
38931,1014
85788,1014
88833,1014
63295,1014
69899,1014
15539,1014
1298,1014
50667,1014
60904,1014
49662,1014
47853,1014
44119,1014
57407,1014
33931,1014
92360,1014
28694,1014
85201,1014
5528,1014
67870,1014
21195,1014
12763,1014
57337,1014
47777,1014
19431,1014
28332,1014
34816,1014
4313,1014
44818,1014
90647,1014
1632,1014
72895,1014
20300,1014
94403,1014
53134,1014
50091,1014
41960,1014
15155,1014
45067,1014
70091,1014
34578,1014
62578,1014
12469,1014
3964,1014
88654,1014
73576,1014
49735,1014
27035,1015
56295,1015
4382,1015
59565,1015
15350,1015
98012,1015
8637,1015
62732,1015
78698,1015
27993,1015
29179,1015
76061,1015
51059,1015
39506,1015
67646,1015
47775,1015
66157,1015
93553,1015
63313,1015
37869,1015
21717,1015
21985,1015
81857,1015
45785,1015
30780,1015
84083,1015
92003,1015
42397,1015
8785,1015
7458,1015
99198,1015
41673,1015
33884,1015
11538,1015
693,1015
24144,1015
34757,1015
5620,1015
13915,1015
63136,1015
84394,1015
32981,1015
35241,1015
43323,1015
80380,1015
19517,1015
90054,1015
31596,1015
79856,1015
67264,1015
71371,1015
28271,1015
71346,1015
7990,1015
67542,1015
20722,1015
17189,1015
84416,1015
20375,1015
18359,1015
2969,1015
13493,1015
369,1015
14953,1015
42728,1015
87552,1015
61913,1015
93836,1015
17733,1015
87877,1015
37090,1015
34378,1015
93226,1015
70934,1015
27755,1015
96373,1015
29211,1015
38128,1015
52886,1016
89397,1016
16865,1016
95705,1016
63561,1016
37483,1016
43608,1016
85764,1016
41372,1016
16043,1016
48978,1016
96151,1016
40262,1016
52064,1016
31937,1016
78896,1016
71710,1016
18425,1016
67939,1016
65575,1016
12982,1016
21113,1016
39226,1016
36678,1016
6,1016
63697,1016
78649,1016
6752,1016
51713,1016
83410,1016
42006,1016
10752,1016
76115,1016
30182,1016
35592,1016
26832,1016
56775,1016
30605,1016
88467,1016
46045,1016
34455,1016
51515,1016
52329,1016
37255,1016
14257,1016
29567,1016
8526,1016
24731,1016
49595,1016
94377,1016
73789,1016
19414,1016
12198,1016
50826,1016
20240,1016
72781,1016
23837,1016
13434,1016
36765,1016
29528,1016
96379,1016
88626,1016
22396,1016
22612,1016
22318,1016
10279,1016
64168,1016
76175,1016
16408,1016
95803,1016
62028,1016
41207,1016
42878,1016
51936,1016
3691,1016
77015,1016
37305,1016
63585,1016
86093,1016
64840,1016
21405,1016
67957,1016
36195,1016
19986,1016
6481,1016
14892,1016
89056,1016
31581,1016
54927,1016
11405,1016
97966,1016
51342,1017
67830,1017
9949,1017
83781,1017
93180,1017
90426,1017
95023,1017
23356,1017
6936,1017
57789,1017
9987,1017
62936,1017
1108,1017
25884,1017
87083,1017
58450,1017
87100,1017
85542,1017
64945,1017
21636,1017
14248,1017
77062,1017
42930,1017
68547,1017
86105,1017
41844,1017
77360,1017
75192,1017
33360,1017
33369,1017
81450,1017
23768,1017
95645,1017
16167,1017
66084,1017
61565,1017
50704,1017
36135,1017
80698,1017
64792,1017
4095,1017
95805,1017
21884,1017
67175,1017
21274,1017
66752,1017
35691,1017
99776,1017
31616,1017
82463,1017
93238,1017
15600,1017
63057,1017
91786,1017
83341,1017
38516,1017
44308,1017
21273,1017
58017,1017
85020,1017
27991,1017
63639,1017
12564,1017
76841,1017
94553,1017
59134,1017
31955,1017
85774,1017
90997,1017
1136,1017
64325,1017
49737,1017
10602,1017
3463,1017
35601,1017
92789,1017
23818,1017
4994,1017
35293,1017
74432,1017
67505,1017
33971,1017
52678,1018
79163,1018
35275,1018
12775,1018
75552,1018
86554,1018
57419,1018
9207,1018
2184,1018
71414,1018
51215,1018
43190,1018
1641,1018
90136,1018
65461,1018
68875,1018
90857,1018
85034,1018
57222,1018
70329,1018
62713,1018
3962,1018
81017,1018
18244,1018
28852,1018
95987,1018
30975,1018
72266,1018
94736,1018
59992,1018
92193,1018
97574,1018
48905,1018
12531,1018
88625,1018
12180,1018
95608,1018
2429,1018
32599,1018
82827,1018
68908,1018
22900,1018
44941,1018
38542,1018
65308,1018
29398,1018
1091,1018
57517,1018
17305,1018
9327,1018
70762,1018
82692,1018
22243,1018
60207,1018
9219,1018
87016,1018
56915,1018
69496,1018
32610,1018
34026,1018
1473,1018
12126,1018
667,1018
70909,1018
26376,1018
90605,1018
87371,1018
39221,1018
36539,1018
84382,1018
46973,1018
70175,1018
36341,1018
94346,1018
40287,1018
52830,1018
28611,1018
9271,1019
56401,1019
43714,1019
88262,1019
16897,1019
44671,1019
27522,1019
16216,1019
2313,1019
41293,1019
13148,1019
82938,1019
55300,1019
96030,1019
47609,1019
59010,1019
24283,1019
84274,1019
87896,1019
46169,1019
78502,1019
18116,1019
47173,1019
41767,1019
9270,1019
36031,1019
36700,1019
35629,1019
24595,1019
52843,1019
15396,1019
21021,1019
35359,1019
23360,1019
51771,1019
67485,1019
45163,1019
59997,1019
56822,1019
39809,1019
60176,1019
59653,1019
37506,1019
88295,1019
53144,1019
57223,1019
48617,1019
1401,1019
81957,1019
4194,1019
72369,1019
83759,1019
52056,1019
60192,1019
8770,1019
35382,1019
74494,1019
3384,1019
88532,1019
8349,1019
16355,1019
98336,1019
73005,1019
46643,1020
5657,1020
63529,1020
35168,1020
85242,1020
46078,1020
40755,1020
37896,1020
31006,1020
44359,1020
88217,1020
2253,1020
52510,1020
38208,1020
98699,1020
66230,1020
8648,1020
38701,1020
67362,1020
57179,1020
61862,1020
26827,1020
57286,1020
56795,1020
93374,1020
36947,1020
42744,1020
43176,1020
65874,1020
30994,1020
44939,1020
12313,1020
5969,1020
34191,1020
96338,1020
33560,1020
27687,1020
31809,1020
98422,1020
30403,1020
40636,1020
72358,1020
19793,1020
87606,1020
38591,1020
3388,1020
21604,1020
63791,1020
86764,1020
43511,1020
55949,1020
98993,1020
57850,1021
9255,1021
23861,1021
89058,1021
96475,1021
24975,1021
20332,1021
38665,1021
79161,1021
21089,1021
50660,1021
55622,1021
69877,1021
72099,1021
90953,1021
43056,1021
80483,1021
264,1021
95358,1021
13621,1021
7514,1021
67232,1021
50959,1021
53641,1021
57603,1021
16572,1021
1758,1021
59003,1021
15341,1021
35454,1021
13771,1021
78369,1021
6325,1021
17400,1021
43357,1021
91243,1021
11933,1021
65827,1021
72209,1021
48028,1021
56210,1021
67290,1021
12045,1021
61936,1021
267,1021
22830,1021
8754,1021
14455,1021
19239,1021
60933,1021
51741,1021
43373,1021
4821,1021
58839,1021
34741,1021
26442,1021
57405,1021
42389,1021
50702,1021
28480,1021
8019,1022
54987,1022
12099,1022
68497,1022
46360,1022
76831,1022
77673,1022
12067,1022
70995,1022
85166,1022
21813,1022
11010,1022
84677,1022
31799,1022
22794,1022
30430,1022
47706,1022
97233,1022
36716,1022
97081,1022
87984,1022
68234,1022
2929,1022
84529,1022
84650,1022
14270,1022
56594,1022
29863,1022
98293,1022
28296,1022
15736,1022
86721,1022
54913,1022
39740,1022
6284,1022
367,1022
48479,1022
97114,1022
33120,1022
32508,1022
49040,1022
33520,1022
91024,1022
62253,1022
53963,1022
46092,1022
88851,1022
17437,1022
92457,1022
86588,1022
97471,1022
40292,1022
67874,1022
23549,1022
67618,1022
5045,1022
65508,1022
75814,1022
172,1022
22780,1022
88199,1023
74722,1023
78002,1023
67892,1023
17173,1023
99747,1023
75253,1023
60143,1023
17865,1023
99658,1023
25278,1023
9707,1023
11004,1023
30063,1023
77099,1023
19253,1023
94468,1023
89129,1023
21650,1023
54747,1023
75824,1023
31887,1023
3230,1023
965,1023
75986,1023
67855,1023
22934,1023
49216,1023
88903,1023
36026,1023
35396,1023
10934,1023
89066,1023
41625,1023
67408,1023
92807,1023
31397,1023
74149,1023
7069,1023
95351,1023
29573,1023
87270,1023
7515,1023
41321,1023
14846,1023
96162,1023
48774,1023
15616,1023
89721,1023
23598,1023
94994,1023
45835,1023
96223,1023
19758,1023
88619,1023
5960,1023
62588,1023
4961,1023
95347,1023
40786,1023
79381,1023
79616,1023
75541,1023
63141,1024
1193,1024
43989,1024
56731,1024
77031,1024
19576,1024
70089,1024
48683,1024
50691,1024
746,1024
30141,1024
57144,1024
6097,1024
36935,1024
75987,1024
91329,1024
78523,1024
85821,1024
9049,1024
57998,1024
50909,1024
45549,1024
1748,1024
39166,1024
20982,1024
53850,1024
16652,1024
35042,1024
80526,1024
79666,1024
2992,1024
71553,1024
38228,1024
85472,1024
47055,1024
6147,1024
25148,1024
4174,1024
28656,1024
38973,1024
21559,1024
90344,1024
80619,1024
24347,1024
92980,1024
23489,1024
26929,1024
96739,1024
88256,1024
15786,1024
55558,1024
17466,1024
23059,1024
50065,1024
65977,1024
58448,1024
33401,1024
77039,1024
63996,1024
4865,1024
52846,1024
77074,1024
33923,1024
44355,1024
42299,1024
29994,1024
94152,1024
59874,1024
41245,1024
83256,1024
12188,1025
57293,1025
95515,1025
79236,1025
71790,1025
42315,1025
14888,1025
86886,1025
11607,1025
90237,1025
47448,1025
97746,1025
71679,1025
18510,1025
85202,1025
35348,1025
93518,1025
77587,1025
21292,1025
19903,1025
17037,1025
98458,1025
88579,1025
20172,1025
44072,1025
73458,1025
6414,1025
29322,1025
30476,1025
13269,1025
70911,1025
39764,1025
84254,1025
27418,1025
22702,1025
81269,1025
64824,1025
53848,1025
70342,1025
46811,1025
81256,1025
98134,1025
3247,1025
82078,1025
50486,1025
46711,1025
24259,1025
48052,1025
84013,1025
22236,1025
42565,1025
21608,1025
27751,1025
13566,1025
91214,1025
32938,1025
53414,1025
48281,1025
50016,1025
50307,1025
9448,1025
31619,1025
18025,1025
41038,1025
7710,1025
32018,1025
2488,1025
95473,1025
77266,1025
79808,1025
10681,1025
88304,1025
21321,1025
93607,1025
61789,1025
18710,1025
95950,1025
64876,1026
80110,1026
97695,1026
69335,1026
96188,1026
83637,1026
32302,1026
79132,1026
11071,1026
66956,1026
55945,1026
88232,1026
29531,1026
88614,1026
46434,1026
2436,1026
27093,1026
53563,1026
36628,1026
83364,1026
36589,1026
77176,1026
39898,1026
62893,1026
75587,1026
81247,1026
56133,1026
79739,1026
82603,1026
54009,1026
34825,1026
30925,1026
45350,1026
37396,1026
76935,1026
50398,1026
24074,1026
36788,1026
76405,1026
89712,1026
33164,1026
89592,1026
15214,1026
62327,1026
6078,1026
89861,1026
51225,1026
66483,1026
72836,1026
7625,1026
29314,1026
60484,1026
98672,1026
11562,1026
20309,1026
86658,1026
49635,1026
5922,1026
87262,1026
50897,1026
37100,1026
57710,1026
86063,1026
84770,1026
43642,1026
24976,1026
99022,1026
62245,1026
14793,1026
49144,1026
98239,1026
67893,1026
52081,1026
71956,1026
97481,1026
30380,1026
83630,1027
19535,1027
85686,1027
41284,1027
98808,1027
25313,1027
9103,1027
68176,1027
26557,1027
72075,1027
12984,1027
16306,1027
4355,1027
85998,1027
71369,1027
74102,1027
56001,1027
71325,1027
44556,1027
73588,1027
26969,1027
32861,1027
73135,1027
48880,1027
8223,1027
5596,1027
49691,1027
37988,1027
86711,1027
61722,1027
21036,1027
12773,1027
84815,1027
64902,1027
46298,1027
94174,1027
3293,1027
60483,1027
8658,1027
79850,1027
24040,1027
17253,1027
51740,1027
27341,1027
48066,1027
46514,1027
24220,1027
11430,1027
78878,1027
31587,1027
74286,1027
35971,1027
83820,1027
27569,1027
92840,1027
43453,1027
86930,1027
13802,1027
13102,1027
28601,1027
2465,1027
48588,1027
7695,1027
9976,1027
25340,1027
4678,1027
42257,1027
38387,1027
62888,1027
71014,1027
63688,1027
96701,1027
38609,1027
46974,1027
88041,1027
23334,1027
46024,1027
15138,1027
83605,1027
89901,1027
84898,1028
45880,1028
46583,1028
67681,1028
58784,1028
59986,1028
22656,1028
99688,1028
91846,1028
79888,1028
93489,1028
66958,1028
62377,1028
69261,1028
38885,1028
74287,1028
18108,1028
2174,1028
15866,1028
29062,1028
48928,1028
38723,1028
38765,1028
81410,1028
61774,1028
15984,1028
46715,1028
50763,1028
11461,1028
78977,1028
31113,1028
38295,1028
82721,1028
27167,1028
34281,1028
40291,1028
72277,1028
72596,1028
62961,1028
31684,1028
86278,1028
77436,1028
1645,1028
46857,1028
94176,1028
54230,1028
18415,1028
31640,1028
6447,1028
10900,1028
78693,1028
80489,1028
4600,1028
40194,1028
36101,1028
8578,1028
63515,1028
88822,1028
67455,1028
13133,1028
8313,1028
85137,1028
20867,1028
57305,1028
87792,1028
44352,1028
41646,1028
48435,1028
84392,1028
33429,1028
48605,1028
21125,1028
8189,1028
4834,1029
45232,1029
12280,1029
804,1029
86657,1029
64829,1029
29421,1029
16127,1029
50987,1029
86601,1029
31761,1029
84593,1029
82707,1029
44470,1029
1586,1029
13292,1029
46489,1029
34445,1029
8472,1029
47818,1029
72566,1029
87099,1029
49882,1029
61239,1029
8026,1029
79564,1029
35623,1029
88476,1029
96476,1029
16378,1029
3642,1029
78351,1029
95015,1029
41609,1029
45548,1029
75719,1029
36698,1029
37968,1029
89834,1029
4014,1029
99657,1029
90608,1029
70092,1029
24396,1029
15290,1029
24299,1029
38070,1029
69494,1029
38613,1029
71910,1029
91461,1029
61341,1029
64034,1029
40707,1029
39188,1029
39387,1029
59530,1029
80581,1029
40842,1029
67645,1029
70376,1029
74992,1029
95809,1029
69021,1029
67508,1029
62148,1029
69062,1029
79731,1029
86996,1029
28651,1029
40504,1029
78008,1029
48440,1029
39421,1029
26539,1029
51779,1029
84388,1029
358,1029
16269,1029
85876,1029
23778,1029
587,1030
60917,1030
74947,1030
3717,1030
81312,1030
33888,1030
70010,1030
83643,1030
11962,1030
77029,1030
94386,1030
68092,1030
59927,1030
31746,1030
11824,1030
30287,1030
69853,1030
18250,1030
26870,1030
16520,1030
53593,1030
54951,1030
66547,1030
29774,1030
89437,1030
40951,1030
80208,1030
26565,1030
52363,1030
91917,1030
70952,1030
9193,1030
28264,1030
83636,1030
21458,1030
60016,1030
51592,1030
17618,1030
99736,1030
87636,1030
60082,1030
25298,1030
70801,1030
89823,1030
72077,1030
28660,1030
26054,1030
77036,1030
351,1030
31267,1030
10924,1030
75123,1030
58815,1030
8092,1030
27202,1030
73968,1030
68537,1030
10625,1030
47273,1030
63302,1030
95090,1030
81625,1030
49837,1030
2470,1030
98873,1030
54543,1030
83137,1030
39324,1030
52093,1030
10055,1030
45794,1030
95440,1031
56654,1031
8805,1031
81490,1031
87121,1031
22394,1031
90227,1031
94715,1031
97430,1031
57202,1031
95267,1031
58528,1031
96079,1031
89447,1031
54523,1031
79716,1031
4050,1031
52775,1031
45157,1031
56555,1031
31219,1031
40579,1031
83760,1031
75619,1031
62356,1031
56933,1031
5925,1031
86491,1031
72481,1031
50438,1031
92709,1031
78746,1031
63965,1031
57802,1031
80876,1031
61916,1031
27853,1031
25910,1031
64497,1031
35709,1031
2945,1031
81027,1031
89442,1031
42259,1031
57108,1031
55437,1031
98281,1031
6392,1031
31469,1031
53274,1031
28079,1031
66828,1031
62321,1031
74017,1031
25135,1031
13291,1031
88384,1031
13194,1031
1524,1031
66379,1031
82471,1031
58768,1031
26336,1031
28253,1031
54595,1031
3955,1031
43929,1031
48999,1031
88297,1031
67603,1031
44573,1031
94577,1031
17586,1031
59099,1031
779,1032
58101,1032
74877,1032
145,1032
33321,1032
50279,1032
22099,1032
92992,1032
13506,1032
13707,1032
51401,1032
8993,1032
53714,1032
31163,1032
48443,1032
23319,1032
8394,1032
22686,1032
4773,1032
57249,1032
58409,1032
82734,1032
31323,1032
74829,1032
38069,1032
15060,1032
11437,1032
36615,1032
7911,1032
9307,1032
98140,1032
50913,1032
31713,1032
76768,1032
66870,1032
68098,1032
14742,1032
15819,1032
53059,1032
47694,1032
28406,1032
16396,1032
43486,1032
63596,1032
52993,1032
1537,1032
63912,1032
66574,1032
78527,1032
86712,1032
50228,1032
74698,1032
40863,1032
59328,1032
27226,1032
13167,1032
86882,1032
46604,1032
18121,1032
32280,1032
15806,1032
71789,1032
43665,1032
18838,1032
87105,1032
27379,1032
30742,1032
91981,1032
93617,1032
52891,1033
75354,1033
99767,1033
53521,1033
54838,1033
15164,1033
26278,1033
20186,1033
49429,1033
96877,1033
73926,1033
62717,1033
58173,1033
63146,1033
56290,1033
26399,1033
77640,1033
77582,1033
32476,1033
25006,1033
97056,1033
40809,1033
86448,1033
87555,1033
47047,1033
91533,1033
63503,1033
14583,1033
97511,1033
7042,1033
62211,1033
59385,1033
43589,1033
48332,1033
44599,1033
37817,1033
58775,1033
13542,1033
36667,1033
68916,1033
19468,1033
56935,1033
31508,1033
12366,1033
52758,1033
47948,1033
42694,1033
89473,1033
7522,1033
27165,1033
99347,1033
59143,1033
90019,1033
53015,1033
40223,1033
59375,1033
41458,1033
36166,1033
20057,1033
52180,1033
71900,1033
17669,1033
29702,1033
48162,1033
87967,1033
45790,1033
59155,1033
5371,1033
96562,1033
18130,1034
44109,1034
87513,1034
6847,1034
92144,1034
71928,1034
99701,1034
82466,1034
35723,1034
53078,1034
96555,1034
24579,1034
9917,1034
86141,1034
56669,1034
32320,1034
28954,1034
62686,1034
79955,1034
78100,1034
3858,1034
68375,1034
19356,1034
43027,1034
14448,1034
26882,1034
43967,1034
45590,1034
37301,1034
35950,1034
88806,1034
78738,1034
4584,1034
20052,1034
94612,1034
21635,1034
47427,1034
97933,1034
20468,1034
23343,1034
98654,1034
22786,1034
4936,1034
45326,1034
21407,1034
81411,1034
12205,1034
87842,1034
8916,1034
92680,1034
92517,1034
4733,1034
76074,1034
19367,1034
37944,1034
5193,1034
90453,1034
64302,1034
19553,1034
52652,1034
29790,1034
1444,1034
19967,1034
87424,1034
97096,1034
61410,1034
85802,1035
70660,1035
65005,1035
59243,1035
50641,1035
7732,1035
37199,1035
48363,1035
51455,1035
2336,1035
68620,1035
51877,1035
84700,1035
30671,1035
58330,1035
42829,1035
35968,1035
55054,1035
30257,1035
86778,1035
76716,1035
69118,1035
8701,1035
57395,1035
64231,1035
95185,1035
25487,1035
34383,1035
37513,1035
83591,1035
71165,1035
68851,1035
945,1035
84436,1035
33269,1035
20022,1035
49678,1035
94951,1035
68035,1035
25073,1035
72104,1035
88498,1035
70789,1035
35499,1035
27789,1035
25501,1035
59333,1035
62429,1035
62671,1035
67241,1035
77813,1035
6040,1035
41220,1035
64346,1035
80845,1035
8322,1035
10678,1035
87987,1035
52881,1035
26001,1035
30921,1035
28147,1035
56195,1035
38955,1035
26238,1035
32063,1035
74884,1035
87704,1035
88586,1035
30963,1035
330,1035
59471,1035
80942,1035
30651,1035
49802,1035
39620,1035
61662,1035
85702,1036
41689,1036
33540,1036
22183,1036
44954,1036
99169,1036
56576,1036
12829,1036
43129,1036
59038,1036
96287,1036
5490,1036
39798,1036
17433,1036
57429,1036
47134,1036
73605,1036
17063,1036
31860,1036
96487,1036
96636,1036
31780,1036
16255,1036
85816,1036
20010,1036
94588,1036
60330,1036
86949,1036
25914,1036
85600,1036
78821,1036
81710,1036
42587,1036
44743,1036
90149,1036
49878,1036
33188,1036
70049,1036
4654,1036
67036,1036
38413,1036
48767,1036
14718,1036
21395,1036
20978,1036
7683,1036
46062,1036
69481,1036
19314,1036
89167,1036
60049,1036
42162,1036
38076,1037
65960,1037
31538,1037
54397,1037
98842,1037
57281,1037
36055,1037
54828,1037
58057,1037
77447,1037
52215,1037
87049,1037
49205,1037
77211,1037
91157,1037
22880,1037
23330,1037
90723,1037
21323,1037
58444,1037
34077,1037
90546,1037
51102,1037
3169,1037
36102,1037
27512,1037
85212,1037
57679,1037
39106,1037
44616,1037
84391,1037
23275,1037
12555,1037
48512,1037
8847,1037
20848,1037
49720,1037
93233,1037
64461,1037
55717,1037
82225,1037
78276,1037
36560,1037
24950,1037
71060,1037
34440,1037
35327,1037
5799,1037
11833,1037
38557,1037
71844,1037
89390,1037
68225,1037
1030,1037
19409,1037
48098,1037
11821,1037
71991,1037
54083,1037
73377,1037
38156,1037
71705,1037
72162,1037
33857,1037
97189,1037
21306,1037
83703,1037
85119,1037
52545,1037
60277,1037
90006,1037
98219,1037
21897,1037
37374,1037
68622,1037
31759,1037
94211,1037
47683,1037
72483,1037
22973,1037
36754,1037
34366,1037
90487,1037
54709,1037
38857,1037
39816,1037
32634,1037
15987,1037
46075,1037
65593,1038
76195,1038
23246,1038
82175,1038
87008,1038
96355,1038
34910,1038
52002,1038
94296,1038
54895,1038
85122,1038
6689,1038
48715,1038
24023,1038
96083,1038
59083,1038
91813,1038
25443,1038
22567,1038
85637,1038
19309,1038
30239,1038
63627,1038
52396,1038
65943,1038
66266,1038
71624,1038
58415,1038
29861,1038
6475,1038
81778,1038
20549,1038
2226,1038
68435,1038
23137,1038
94718,1038
51439,1038
29928,1038
25679,1038
98193,1038
81609,1038
73248,1038
93068,1038
13009,1038
48105,1038
48225,1038
16831,1038
85348,1038
9995,1038
5093,1038
55321,1038
50075,1038
27699,1038
41305,1038
94168,1038
5098,1038
17206,1038
24512,1038
75955,1038
62976,1038
54897,1038
3978,1038
1357,1038
59000,1038
72138,1038
54703,1038
50840,1038
66986,1038
23381,1038
93049,1038
22940,1038
59160,1038
41948,1038
31933,1038
88063,1038
84914,1039
97829,1039
63964,1039
27520,1039
17693,1039
35521,1039
19683,1039
77337,1039
96679,1039
91205,1039
11076,1039
52084,1039
17608,1039
56942,1039
54384,1039
42967,1039
73219,1039
51345,1039
61352,1039
23251,1039
79804,1039
81159,1039
28901,1039
73540,1039
76233,1039
2223,1039
38887,1039
21005,1039
7252,1039
50188,1039
31040,1039
74747,1039
9146,1039
31883,1039
77740,1039
80889,1039
73781,1039
37212,1039
27727,1039
60663,1039
60750,1039
70752,1039
37306,1039
41218,1039
93871,1039
39360,1039
63454,1039
63082,1039
90424,1039
93318,1039
35937,1039
2966,1039
34662,1039
14587,1039
52734,1039
96868,1039
39644,1039
49002,1039
6819,1039
62166,1039
35821,1039
84783,1039
49341,1039
78186,1039
41862,1039
18290,1039
19900,1039
51062,1039
82852,1039
44234,1039
32376,1039
97437,1039
90902,1040
66530,1040
91968,1040
65597,1040
46701,1040
81713,1040
10615,1040
16076,1040
41226,1040
11818,1040
30003,1040
81835,1040
16555,1040
5297,1040
29014,1040
70814,1040
45627,1040
51909,1040
26648,1040
38536,1040
55339,1040
50483,1040
61650,1040
89669,1040
11190,1040
45710,1040
17291,1040
48128,1040
80916,1040
37798,1040
62761,1040
57894,1040
49512,1040
72059,1040
94200,1040
25147,1040
82344,1040
21363,1040
69278,1040
21490,1040
21871,1040
69130,1040
88735,1040
95404,1040
83045,1040
48775,1040
6297,1040
4827,1040
21659,1040
48589,1040
35700,1040
63414,1040
80897,1040
93570,1040
34116,1040
59611,1040
27909,1040
74279,1040
17813,1040
91612,1040
57055,1040
89412,1040
4239,1040
46435,1040
46426,1040
75698,1040
9693,1040
32551,1040
20650,1040
15925,1040
14366,1040
75466,1040
99328,1040
36499,1040
14656,1040
38331,1040
77900,1040
47858,1040
15405,1040
52196,1041
55946,1041
23123,1041
88839,1041
157,1041
58852,1041
54555,1041
80014,1041
26084,1041
90201,1041
83879,1041
39986,1041
4139,1041
12383,1041
33715,1041
52043,1041
25796,1041
99885,1041
7204,1041
67847,1041
75045,1041
37894,1041
67740,1041
5195,1041
73287,1041
68503,1041
76673,1041
9971,1041
75360,1041
97525,1041
25746,1041
50076,1041
90015,1041
66537,1041
50162,1041
31510,1041
35181,1041
24705,1041
48313,1041
8362,1041
69797,1041
75731,1041
28270,1041
60090,1041
40156,1041
49651,1041
29164,1041
30195,1041
19598,1041
97577,1041
9258,1041
96089,1041
79681,1041
24739,1041
47282,1041
2961,1041
44496,1041
25965,1041
50562,1041
5067,1041
4460,1041
87004,1041
3461,1041
64042,1041
65526,1041
40839,1041
60209,1041
41742,1041
60380,1041
22149,1041
5605,1041
9403,1041
92045,1042
77654,1042
80238,1042
22467,1042
60452,1042
35021,1042
34797,1042
80369,1042
55879,1042
33432,1042
76689,1042
11315,1042
5825,1042
71227,1042
97528,1042
36342,1042
64796,1042
47921,1042
54375,1042
99471,1042
72568,1042
68539,1042
99354,1042
87787,1042
37726,1042
34298,1042
81133,1042
98999,1042
20203,1042
28048,1042
17603,1042
67293,1042
28704,1042
54757,1042
84207,1042
64675,1042
51007,1042
98768,1042
88331,1042
17907,1042
73145,1042
3680,1042
21967,1042
58800,1042
5935,1042
99540,1042
5962,1042
68807,1042
65495,1042
34300,1042
43509,1042
41290,1042
89603,1042
58595,1042
82032,1042
14349,1042
7327,1042
34134,1042
36100,1042
10704,1042
57702,1042
93659,1042
85749,1042
38267,1042
57766,1043
13471,1043
7117,1043
95660,1043
88436,1043
62173,1043
42579,1043
14026,1043
7239,1043
10220,1043
51547,1043
636,1043
56176,1043
9348,1043
31027,1043
41531,1043
58443,1043
84017,1043
36083,1043
75282,1043
78581,1043
75350,1043
50394,1043
59854,1043
94039,1043
61879,1043
45143,1043
6132,1043
61314,1043
6187,1043
97151,1043
27529,1043
97154,1043
84194,1043
96731,1043
36246,1043
81025,1043
49519,1043
95742,1043
55969,1043
54066,1043
96472,1043
80681,1043
12052,1043
29715,1043
88642,1043
17790,1043
7363,1043
82125,1043
58842,1043
64254,1043
90955,1043
16714,1043
10199,1043
72692,1043
92910,1043
90889,1043
67383,1043
30817,1043
37964,1043
79410,1043
95026,1043
30052,1043
59816,1043
31991,1043
13054,1043
54313,1043
13180,1043
28511,1043
70497,1043
66450,1043
96154,1043
1053,1043
12352,1043
82347,1043
33875,1043
94923,1043
91902,1043
67063,1043
79934,1043
82849,1043
27470,1043
88161,1043
24301,1044
26199,1044
14723,1044
7884,1044
8699,1044
55498,1044
9615,1044
33386,1044
65946,1044
9766,1044
37717,1044
35725,1044
3448,1044
4085,1044
88359,1044
27323,1044
87060,1044
54862,1044
42403,1044
23842,1044
88809,1044
62145,1044
88255,1044
35458,1044
66205,1044
50436,1044
69412,1044
64963,1044
49262,1044
50080,1044
96397,1044
11201,1044
21645,1044
84059,1044
99927,1044
66987,1044
70824,1044
43127,1044
63911,1044
42767,1044
53670,1044
21263,1044
5467,1044
85989,1044
52813,1044
52486,1044
73664,1044
50099,1044
54198,1044
31711,1044
66821,1044
4736,1044
27820,1044
73579,1044
61249,1044
61118,1044
73338,1044
25330,1044
713,1044
51858,1044
73723,1044
3029,1044
66559,1044
86569,1044
51365,1044
46588,1044
36583,1044
90882,1044
56824,1044
76879,1044
3129,1044
19849,1044
65251,1044
58276,1044
50420,1044
81671,1044
37494,1044
82501,1044
7049,1044
14122,1044
88443,1044
23848,1044
57655,1045
94236,1045
19045,1045
88545,1045
65269,1045
61423,1045
75005,1045
39505,1045
17879,1045
34289,1045
48384,1045
83716,1045
47472,1045
82248,1045
52480,1045
28795,1045
84722,1045
91067,1045
76392,1045
64021,1045
8880,1045
94223,1045
58527,1045
72121,1045
16659,1045
39144,1045
56155,1045
26162,1045
9662,1045
51045,1045
39801,1045
80149,1045
89084,1045
45074,1045
67543,1045
28494,1045
23190,1045
10081,1045
66451,1045
85980,1045
93756,1045
38782,1045
8303,1045
22032,1045
50496,1045
82561,1045
50813,1045
47546,1045
75255,1045
98454,1045
216,1045
10667,1045
60868,1045
30733,1045
26015,1045
96255,1045
39948,1045
41691,1045
73632,1045
59236,1045
82072,1045
35146,1045
62887,1045
62238,1045
34949,1045
65092,1045
20191,1045
54192,1045
41104,1045
78644,1045
56480,1045
16773,1045
57787,1045
14031,1045
98651,1046
25868,1046
38148,1046
92470,1046
28322,1046
73258,1046
90855,1046
91430,1046
91478,1046
48770,1046
88536,1046
12631,1046
45768,1046
94506,1046
65811,1046
46502,1046
31765,1046
99071,1046
32093,1046
73015,1046
65188,1046
74492,1046
71192,1046
7046,1046
2479,1046
47405,1046
8688,1046
1701,1046
73174,1046
53206,1046
91211,1046
69714,1046
17888,1046
51109,1046
18823,1046
92364,1046
45789,1046
85610,1046
51543,1046
37009,1046
51646,1046
42902,1046
32071,1046
1414,1046
64826,1046
32755,1046
2699,1046
44589,1046
90502,1046
97330,1046
97215,1046
81903,1046
71440,1046
96275,1046
39007,1046
44957,1046
88504,1046
30168,1046
89192,1046
58701,1046
99751,1046
3095,1046
46454,1046
21019,1046
34798,1046
90333,1046
87786,1046
19228,1046
32818,1046
96918,1046
6244,1046
70003,1046
64583,1046
50782,1046
90844,1046
34615,1046
45713,1046
71678,1047
68626,1047
50715,1047
51994,1047
92624,1047
36953,1047
8956,1047
17943,1047
33637,1047
18703,1047
12436,1047
20165,1047
25150,1047
99638,1047
25333,1047
23594,1047
52638,1047
32100,1047
70338,1047
32786,1047
96436,1047
68208,1047
2431,1047
15425,1047
44942,1047
87261,1047
79928,1047
41187,1047
2189,1047
23610,1047
60045,1047
32533,1047
24048,1047
29655,1047
44625,1047
85154,1047
50484,1047
7384,1047
81499,1047
76187,1047
57799,1047
38590,1047
16535,1047
64277,1047
96933,1047
16493,1047
80027,1047
32242,1047
94362,1047
87311,1047
14058,1047
19854,1047
55347,1047
73649,1047
23649,1047
72351,1047
52297,1047
85360,1047
65049,1047
42057,1047
87032,1047
62954,1047
43328,1047
73730,1047
89453,1047
23262,1047
25867,1047
1198,1047
29129,1047
25696,1047
87642,1047
25360,1047
90148,1047
85711,1047
24772,1047
58304,1047
23940,1047
89627,1048
20738,1048
83817,1048
96057,1048
55086,1048
38436,1048
37790,1048
50457,1048
78073,1048
92146,1048
64208,1048
83550,1048
76968,1048
52415,1048
22908,1048
57598,1048
95166,1048
45259,1048
1783,1048
51417,1048
59390,1048
82988,1048
56043,1048
35923,1048
39528,1048
55454,1048
97292,1048
74684,1048
61944,1048
21939,1048
60874,1048
77867,1048
98591,1048
26130,1048
14582,1048
75655,1048
40533,1048
56336,1048
16481,1048
12219,1048
9977,1048
12321,1048
10912,1048
49182,1048
98931,1048
51078,1048
45275,1048
50465,1048
14055,1048
74175,1048
99135,1048
12594,1048
37115,1048
44528,1048
90726,1048
66198,1048
45310,1048
13413,1048
31092,1048
37263,1049
25994,1049
1594,1049
30481,1049
80967,1049
27439,1049
82710,1049
6285,1049
21261,1049
52702,1049
82525,1049
61928,1049
86963,1049
78187,1049
57352,1049
3940,1049
3266,1049
55996,1049
36302,1049
90542,1049
79665,1049
86550,1049
69452,1049
12743,1049
31897,1049
36881,1049
7537,1049
66146,1049
1011,1049
56805,1049
22785,1049
65909,1049
85661,1049
97104,1049
66192,1049
88940,1049
1104,1049
76113,1049
33665,1049
97162,1049
20068,1049
39746,1049
9590,1049
28350,1049
13067,1049
76921,1049
94093,1049
21014,1049
91689,1049
51094,1049
11570,1049
81192,1049
52231,1049
86901,1049
20661,1049
21814,1049
98112,1049
78479,1049
92397,1049
69776,1049
28960,1049
43065,1049
90256,1049
72966,1049
94750,1049
53035,1049
11524,1049
81153,1049
7022,1049
97872,1049
28913,1049
14631,1050
74430,1050
46680,1050
56256,1050
92721,1050
20811,1050
70759,1050
25288,1050
63534,1050
57437,1050
25382,1050
3601,1050
12974,1050
45848,1050
8118,1050
2391,1050
2721,1050
88845,1050
34908,1050
3272,1050
51037,1050
95875,1050
75065,1050
58566,1050
91788,1050
22558,1050
73206,1050
87727,1050
7972,1050
77105,1050
88563,1050
4979,1050
25992,1050
2221,1050
18255,1050
43257,1050
67978,1050
28969,1050
24836,1050
64520,1050
11849,1050
34081,1050
63095,1050
97667,1050
44985,1050
34290,1050
82906,1050
89739,1050
54632,1050
92250,1050
85053,1050
61618,1050
47419,1050
44283,1050
36005,1050
10088,1050
14451,1050
16507,1050
93741,1050
68011,1050
44122,1050
38224,1050
72298,1050
59824,1050
52961,1050
46648,1050
67477,1051
22151,1051
77378,1051
67674,1051
1820,1051
6288,1051
34597,1051
2703,1051
14865,1051
3399,1051
45022,1051
22547,1051
83135,1051
17729,1051
33372,1051
51096,1051
23984,1051
78816,1051
6657,1051
73647,1051
65431,1051
98874,1051
50258,1051
34075,1051
66373,1051
96378,1051
65796,1051
73369,1051
69303,1051
24730,1051
5163,1051
87827,1051
34165,1051
13831,1051
47367,1051
44812,1051
66997,1051
64095,1051
22431,1051
76081,1051
74669,1051
53406,1051
52044,1051
70537,1051
76747,1051
72289,1051
22685,1051
37753,1051
92428,1051
97592,1051
47887,1051
53837,1051
47638,1051
65417,1051
98271,1051
43984,1051
78948,1051
24656,1051
70024,1051
75965,1051
84609,1051
68670,1051
84352,1051
95115,1051
4960,1051
62370,1051
72490,1051
21072,1051
62629,1051
21360,1051
9880,1051
89535,1051
99696,1052
57700,1052
96422,1052
60648,1052
26138,1052
41774,1052
11874,1052
69696,1052
46823,1052
37390,1052
93077,1052
91412,1052
98948,1052
109,1052
78897,1052
43203,1052
13954,1052
31884,1052
31262,1052
23969,1052
84481,1052
65357,1052
11885,1052
27262,1052
77748,1052
4211,1052
63109,1052
27416,1052
86100,1052
64869,1052
54655,1052
10968,1052
47111,1052
96902,1052
97778,1052
71575,1052
93093,1052
66806,1052
17174,1052
12577,1052
98759,1052
48665,1052
11935,1052
60314,1052
94544,1052
19290,1052
73070,1052
52252,1052
15579,1052
23981,1052
64116,1052
30751,1052
12158,1052
4578,1052
88776,1052
85453,1052
47773,1052
21516,1052
74930,1052
40682,1052
84920,1052
88868,1052
95737,1053
30162,1053
2572,1053
5496,1053
60402,1053
77284,1053
23320,1053
26841,1053
11370,1053
9898,1053
27889,1053
2051,1053
91809,1053
2107,1053
68346,1053
59420,1053
13491,1053
13718,1053
97178,1053
79853,1053
98121,1053
8611,1053
5881,1053
24923,1053
48794,1053
36163,1053
32949,1053
96240,1053
64970,1053
48302,1053
85676,1053
30262,1053
39756,1053
83235,1053
59475,1053
8367,1053
97843,1053
4489,1053
52536,1053
72287,1053
73134,1053
13259,1053
88383,1053
55503,1053
80356,1053
75107,1053
24492,1053
44750,1053
88896,1053
2954,1053
89522,1053
38062,1053
12583,1053
3968,1053
13710,1053
86469,1053
21257,1053
92466,1053
79326,1053
86227,1053
11614,1053
56153,1053
33215,1053
55607,1053
22904,1053
56737,1053
89807,1053
38652,1053
76958,1053
93173,1053
88292,1053
53651,1053
56283,1053
1829,1053
28850,1053
77190,1053
46158,1053
46824,1053
58286,1053
38744,1053
7656,1053
57912,1053
47744,1053
77987,1054
28220,1054
20846,1054
45487,1054
8344,1054
87807,1054
79108,1054
31221,1054
18434,1054
40769,1054
70925,1054
34967,1054
53038,1054
11552,1054
78798,1054
79060,1054
15815,1054
28819,1054
64410,1054
23512,1054
34810,1054
86918,1054
82909,1054
8912,1054
5996,1054
16400,1054
29506,1054
26538,1054
36125,1054
90978,1054
78843,1054
65799,1054
51666,1054
55718,1054
61324,1054
92303,1054
14531,1054
82638,1054
41990,1054
19422,1054
77146,1054
29671,1054
5554,1054
60690,1054
19509,1054
95428,1054
87061,1054
87898,1054
88231,1054
14463,1054
77682,1054
16266,1054
3358,1054
77941,1054
30161,1054
84014,1054
38644,1054
81944,1054
32404,1054
78492,1054
12520,1054
84251,1054
81160,1054
45661,1054
32833,1054
69584,1054
8530,1054
32964,1054
78286,1054
66404,1054
77209,1054
51261,1054
18558,1055
75540,1055
21891,1055
76057,1055
88639,1055
36265,1055
65337,1055
56544,1055
61858,1055
19298,1055
22086,1055
91800,1055
89974,1055
6753,1055
30757,1055
77986,1055
13800,1055
96836,1055
16383,1055
56833,1055
56442,1055
35764,1055
97425,1055
38036,1055
62935,1055
96108,1055
80732,1055
7578,1055
89925,1055
77868,1055
45563,1055
22615,1055
8450,1055
52910,1055
72093,1055
19732,1055
89992,1055
1344,1055
68099,1055
6467,1055
72078,1055
10292,1055
28498,1055
87338,1055
46712,1055
68896,1055
49804,1055
85897,1055
12136,1055
36652,1055
60093,1055
8437,1055
88367,1055
54647,1055
78065,1055
50084,1055
82068,1055
73952,1055
67701,1055
24462,1055
48277,1055
89527,1055
60602,1055
68904,1055
72151,1055
31417,1055
76947,1055
20177,1055
90950,1055
26719,1055
67623,1055
12346,1055
67388,1055
48732,1055
75598,1055
88101,1055
82965,1055
88145,1055
17903,1055
65963,1055
58872,1056
47578,1056
86097,1056
5848,1056
11308,1056
90805,1056
74670,1056
5015,1056
62365,1056
45084,1056
75386,1056
10877,1056
29078,1056
54717,1056
96157,1056
85381,1056
68753,1056
34937,1056
37002,1056
31636,1056
36899,1056
78952,1056
15141,1056
58123,1056
5024,1056
52953,1056
17455,1056
25834,1056
44396,1056
52647,1056
56815,1056
91810,1056
31521,1056
41313,1056
61347,1056
30100,1056
83900,1056
84510,1056
4324,1056
82984,1056
11231,1056
88837,1056
26420,1056
86969,1056
73843,1056
98677,1056
29188,1056
39624,1056
80416,1056
20299,1056
6386,1056
29636,1056
62504,1056
77353,1056
31083,1056
96992,1056
84363,1056
97276,1056
33519,1056
32567,1056
65099,1056
47294,1056
10414,1056
29150,1056
36639,1057
26541,1057
84428,1057
93437,1057
3862,1057
5451,1057
12371,1057
2024,1057
47964,1057
46417,1057
2931,1057
48511,1057
92454,1057
61810,1057
25533,1057
63999,1057
36298,1057
55671,1057
33916,1057
60331,1057
46860,1057
49393,1057
23445,1057
75509,1057
40129,1057
86295,1057
96939,1057
20814,1057
62060,1057
77925,1057
59075,1057
46255,1057
35707,1057
38520,1057
92489,1057
58835,1057
81453,1057
41546,1057
15022,1057
9867,1057
37145,1057
32380,1057
18831,1057
37733,1057
22283,1057
78536,1057
27607,1057
10005,1057
45483,1057
46942,1057
98303,1057
91720,1057
77835,1057
28279,1057
75331,1057
82927,1057
97210,1057
92930,1057
8535,1057
19545,1057
84185,1057
95285,1057
15434,1057
89780,1057
38552,1057
45115,1057
3846,1057
67694,1057
68296,1057
17119,1057
67894,1057
33296,1058
40365,1058
66506,1058
15359,1058
85689,1058
62622,1058
57077,1058
39337,1058
23521,1058
78012,1058
89443,1058
12008,1058
25928,1058
92694,1058
58421,1058
74990,1058
48568,1058
10261,1058
25811,1058
42726,1058
18368,1058
25539,1058
51292,1058
91725,1058
98131,1058
41697,1058
23626,1058
3020,1058
20119,1058
627,1058
91004,1058
61754,1058
11681,1058
84580,1058
67252,1058
41306,1058
29940,1058
19216,1058
7086,1058
7493,1058
34427,1058
89911,1058
56502,1058
64780,1058
36277,1058
15090,1058
40580,1058
92879,1058
99437,1058
42832,1058
21763,1058
19051,1058
23303,1058
3173,1058
43322,1058
9631,1058
64956,1058
76639,1058
50028,1058
739,1058
5119,1058
79109,1059
10193,1059
74509,1059
74717,1059
54329,1059
96881,1059
54846,1059
44712,1059
2891,1059
73464,1059
36368,1059
54830,1059
29627,1059
75028,1059
51000,1059
68321,1059
43456,1059
74596,1059
41223,1059
22078,1059
54138,1059
4166,1059
80906,1059
62884,1059
31500,1059
8469,1059
12832,1059
45059,1059
11316,1059
64576,1059
96247,1059
20919,1059
2952,1059
7142,1059
92578,1059
7644,1059
53133,1059
1319,1059
67919,1059
73568,1059
80719,1059
35815,1059
66241,1059
17034,1059
28573,1059
73978,1059
45505,1059
62420,1059
55177,1059
77720,1059
85576,1059
2006,1059
18022,1059
75234,1059
76709,1059
55690,1059
18011,1059
70777,1059
53768,1059
97080,1059
34154,1059
76832,1059
73666,1059
36097,1059
29638,1059
16450,1059
14726,1060
99183,1060
47216,1060
7219,1060
73452,1060
4992,1060
9640,1060
37128,1060
2103,1060
31134,1060
71799,1060
32870,1060
24044,1060
56140,1060
13931,1060
71564,1060
68757,1060
67815,1060
99522,1060
45458,1060
88895,1060
37621,1060
27010,1060
10506,1060
54349,1060
33258,1060
27921,1060
70644,1060
67104,1060
71420,1060
19065,1060
96214,1060
23006,1060
66713,1060
92425,1060
18617,1060
57122,1060
14367,1060
85827,1060
23939,1060
39545,1060
76231,1060
54589,1060
27030,1060
43770,1060
13989,1060
18076,1060
22642,1060
18432,1060
49273,1060
96117,1060
271,1060
22174,1060
98527,1060
89119,1060
51533,1060
63118,1060
80720,1060
99076,1060
20443,1060
2453,1060
91530,1060
75204,1060
71384,1060
95121,1060
86820,1060
22974,1060
81096,1060
60562,1060
30065,1060
492,1060
85103,1061
7938,1061
90637,1061
83700,1061
46796,1061
83532,1061
55596,1061
51171,1061
91937,1061
20210,1061
1118,1061
26104,1061
21800,1061
51501,1061
11094,1061
35758,1061
78846,1061
47929,1061
78090,1061
61275,1061
4475,1061
74714,1061
88886,1061
64225,1061
90397,1061
88188,1061
68538,1061
48777,1061
22954,1061
80188,1061
95514,1061
17396,1061
96434,1061
47733,1061
42824,1061
79583,1061
41751,1061
41004,1061
38020,1061
87583,1061
60584,1061
31948,1061
53048,1061
5845,1061
57308,1061
84468,1061
5092,1061
89678,1061
42836,1061
85253,1061
63083,1061
8619,1061
61218,1061
43596,1061
51540,1061
3077,1061
79820,1061
31882,1061
84748,1061
26060,1061
84233,1061
25488,1061
28964,1061
22992,1061
19034,1061
10873,1061
45017,1061
42630,1061
89493,1061
53306,1061
88322,1061
61198,1061
27164,1061
8649,1061
80287,1061
33001,1061
17304,1061
95585,1061
65646,1062
52781,1062
4190,1062
10722,1062
41505,1062
8402,1062
43437,1062
63493,1062
4781,1062
26475,1062
11391,1062
97142,1062
14259,1062
70568,1062
1366,1062
18717,1062
48806,1062
41053,1062
64656,1062
41542,1062
53286,1062
48354,1062
50306,1062
9493,1062
48583,1062
94852,1062
78270,1062
29291,1062
36926,1062
6142,1062
96619,1062
38194,1062
13189,1062
9079,1062
90085,1062
37487,1062
43339,1062
74689,1062
93058,1062
76647,1062
2168,1062
23505,1062
55628,1062
94614,1062
69272,1062
47165,1062
80339,1062
1405,1062
55647,1062
79165,1062
6747,1062
29818,1062
40846,1062
46890,1062
35386,1062
68799,1062
26778,1062
61267,1062
75837,1062
91353,1062
95938,1062
34594,1062
46485,1062
43590,1062
24696,1062
71709,1062
8635,1062
4322,1062
40812,1062
65685,1062
72593,1062
50475,1062
35180,1063
93177,1063
63145,1063
71441,1063
5479,1063
59028,1063
69299,1063
51196,1063
13823,1063
28046,1063
9901,1063
31345,1063
59403,1063
62911,1063
79523,1063
87009,1063
29935,1063
55857,1063
10197,1063
45992,1063
27384,1063
97811,1063
82821,1063
45461,1063
66690,1063
85091,1063
8694,1063
44241,1063
67177,1063
52352,1063
14485,1063
20083,1063
23342,1063
55899,1063
42273,1063
78825,1063
43479,1063
99793,1063
81751,1063
17020,1063
76056,1063
46213,1063
91394,1063
97659,1063
424,1063
26958,1063
59371,1063
75050,1063
34677,1063
52711,1063
52485,1063
98040,1063
522,1063
42874,1063
19087,1063
42880,1063
28309,1063
50190,1063
18975,1063
7791,1063
3162,1063
47416,1063
81930,1063
63805,1063
1812,1063
65729,1063
90263,1063
1622,1063
65457,1063
43504,1063
59203,1063
81890,1063
82898,1063
74795,1063
19404,1063
28146,1063
67504,1063
72260,1063
47973,1064
93828,1064
45016,1064
25518,1064
93887,1064
65673,1064
9423,1064
75902,1064
93128,1064
20735,1064
18535,1064
2776,1064
18277,1064
4345,1064
16242,1064
41533,1064
95080,1064
31978,1064
51061,1064
36134,1064
99264,1064
14792,1064
1063,1064
76711,1064
90828,1064
82951,1064
92362,1064
56801,1064
9868,1064
92559,1064
62008,1064
75443,1064
28680,1064
51587,1064
41562,1064
86328,1064
67016,1064
79528,1064
30404,1064
90768,1064
646,1064
61990,1064
32783,1064
28049,1064
47678,1064
77551,1064
58175,1064
61873,1064
7209,1064
82388,1064
88693,1064
73509,1064
21978,1064
26649,1064
3363,1064
40271,1064
31470,1064
35211,1064
77523,1064
45690,1064
42603,1064
5629,1064
99172,1064
31327,1064
91320,1064
20202,1064
77766,1064
71058,1064
92052,1064
50106,1064
42023,1064
41791,1064
89881,1064
52885,1064
68959,1064
57189,1064
92024,1064
7340,1064
52713,1064
4094,1064
58369,1064
57353,1064
46461,1064
57119,1064
5953,1064
61707,1064
35310,1064
44180,1064
44912,1064
65117,1064
7266,1064
34649,1065
82995,1065
33899,1065
48150,1065
34713,1065
39720,1065
12337,1065
8221,1065
84074,1065
11427,1065
40414,1065
75135,1065
61436,1065
19925,1065
31096,1065
26488,1065
30849,1065
19200,1065
43974,1065
8798,1065
29648,1065
65322,1065
13876,1065
95891,1065
55302,1065
49473,1065
4188,1065
56150,1065
5869,1065
14859,1065
72775,1065
19947,1065
47484,1065
60333,1065
14612,1065
38790,1065
30617,1065
83463,1065
66762,1065
84038,1065
13245,1065
54702,1065
10459,1065
83274,1065
22912,1065
74073,1065
87957,1065
687,1065
78763,1065
75530,1065
92816,1065
77297,1065
77069,1065
15680,1065
68312,1065
33123,1065
64592,1065
13390,1065
93996,1065
45694,1065
79890,1065
10771,1065
61297,1065
99412,1065
79655,1065
10646,1066
43225,1066
11083,1066
36961,1066
18786,1066
81165,1066
82096,1066
41937,1066
61291,1066
8642,1066
15730,1066
66578,1066
12701,1066
25545,1066
7283,1066
7113,1066
90436,1066
40948,1066
79819,1066
23082,1066
82627,1066
28900,1066
9605,1066
94962,1066
7886,1066
75081,1066
95889,1066
50528,1066
15236,1066
40691,1066
16475,1066
71922,1066
26968,1066
17218,1066
7949,1067
30174,1067
62397,1067
60948,1067
98091,1067
5678,1067
96141,1067
20455,1067
95620,1067
61422,1067
43255,1067
30444,1067
59665,1067
27548,1067
74731,1067
46982,1067
14010,1067
47455,1067
56583,1067
15939,1067
3750,1067
49503,1067
1100,1067
9246,1067
88528,1067
18814,1067
96031,1067
58698,1067
94999,1067
85748,1067
36127,1067
78937,1067
34901,1067
77085,1067
17467,1067
77415,1067
64005,1067
34785,1067
97121,1067
26004,1067
17727,1067
59566,1067
98492,1067
39196,1067
68513,1067
84397,1067
13615,1067
60061,1067
96994,1067
76502,1067
35006,1067
56559,1067
67371,1067
17634,1067
86426,1067
82575,1067
6888,1067
72283,1067
54326,1067
91785,1067
81179,1067
62968,1067
42475,1067
51927,1067
31304,1067
62278,1067
35501,1067
78331,1067
19701,1067
41020,1067
84326,1067
59518,1067
60084,1067
48563,1067
73282,1067
8089,1067
55162,1068
17508,1068
32556,1068
91128,1068
97045,1068
43353,1068
59538,1068
57015,1068
6238,1068
887,1068
26686,1068
95598,1068
57556,1068
65212,1068
79624,1068
32563,1068
76419,1068
10559,1068
56312,1068
61210,1068
7127,1068
71359,1068
7703,1068
31316,1068
11693,1068
22887,1068
53872,1068
27797,1068
19347,1068
34645,1068
7739,1068
3234,1068
19025,1068
18160,1068
25334,1068
96756,1068
60785,1068
39225,1068
42718,1068
1922,1068
12914,1068
72753,1068
4939,1068
90057,1068
72126,1068
35692,1068
688,1068
50004,1068
63659,1068
34211,1068
58298,1068
53366,1068
73103,1068
34641,1068
54285,1068
51150,1068
40477,1068
83948,1068
85345,1068
89286,1068
52170,1068
46605,1068
28810,1068
5390,1068
21870,1068
94328,1068
48460,1068
89541,1068
59502,1069
27445,1069
62369,1069
65158,1069
11281,1069
40903,1069
56315,1069
47135,1069
25961,1069
39204,1069
8669,1069
47713,1069
70424,1069
71150,1069
33943,1069
87725,1069
40227,1069
31554,1069
16376,1069
61708,1069
8142,1069
90572,1069
23866,1069
13695,1069
21545,1069
14689,1069
25594,1069
6709,1069
27407,1069
48997,1069
86074,1069
48147,1069
15876,1069
35296,1069
60550,1069
27999,1069
14350,1069
35452,1069
44952,1069
93981,1069
12288,1069
42226,1069
98686,1069
2723,1069
30290,1069
98251,1069
15834,1069
42640,1069
35988,1069
57139,1069
51701,1069
61671,1069
29853,1069
40885,1069
34313,1069
40248,1069
87269,1069
99808,1069
67601,1069
51066,1069
7501,1069
46159,1069
78328,1069
23876,1070
83296,1070
43577,1070
40093,1070
18998,1070
79146,1070
21320,1070
22565,1070
73028,1070
9491,1070
67057,1070
63016,1070
1582,1070
35651,1070
8266,1070
72952,1070
61031,1070
66512,1070
68287,1070
35947,1070
67587,1070
57727,1070
68894,1070
31969,1070
41021,1070
98392,1070
59208,1070
7906,1070
83677,1070
42712,1070
40085,1070
6031,1070
33813,1070
27173,1070
10997,1070
61226,1070
79626,1070
9107,1070
46880,1070
17166,1070
34367,1070
46587,1070
82697,1070
20448,1070
55696,1070
4145,1070
58447,1070
40195,1070
40906,1070
90938,1070
24920,1070
80562,1070
49078,1070
50754,1070
53214,1070
88507,1070
17528,1070
65429,1070
58223,1070
9853,1070
33116,1070
58376,1070
6181,1070
77077,1070
59855,1070
2691,1070
11528,1070
34771,1070
733,1070
47942,1070
98855,1070
4889,1071
80593,1071
67687,1071
49561,1071
33111,1071
81786,1071
20653,1071
6350,1071
73144,1071
95503,1071
272,1071
99664,1071
14279,1071
7726,1071
10693,1071
30482,1071
87856,1071
75606,1071
46638,1071
49600,1071
33069,1071
20801,1071
21145,1071
78823,1071
67384,1071
15023,1071
51534,1071
77960,1071
11422,1071
79479,1071
12457,1071
16222,1071
96772,1071
43603,1071
61097,1071
29978,1071
28328,1071
53549,1071
53124,1071
82173,1071
36936,1071
27608,1071
17687,1071
20788,1071
60854,1071
60327,1071
75294,1071
91959,1071
54426,1071
74089,1071
79083,1071
15583,1071
5048,1071
81652,1071
98384,1071
26800,1071
35605,1071
7041,1071
22006,1071
20434,1071
41032,1071
34467,1071
38730,1071
83982,1071
41086,1071
71064,1071
26869,1072
30971,1072
94047,1072
67172,1072
62929,1072
7381,1072
92434,1072
44126,1072
12372,1072
95076,1072
50963,1072
97487,1072
35639,1072
23801,1072
82308,1072
17662,1072
54939,1072
78255,1072
84140,1072
54462,1072
791,1072
43554,1072
94021,1072
55621,1072
680,1072
91913,1072
78335,1072
2837,1072
48552,1072
91653,1072
98371,1072
80793,1072
4450,1072
31063,1072
19812,1072
31900,1072
45431,1072
34912,1072
42322,1072
41116,1072
34723,1072
82550,1072
73277,1072
41759,1072
94659,1072
81346,1072
91909,1072
26699,1072
25393,1072
1449,1072
86253,1072
17239,1072
9035,1072
94439,1072
54551,1072
49181,1072
99468,1072
67107,1072
62434,1072
808,1072
78850,1072
69669,1073
25209,1073
74598,1073
75695,1073
8072,1073
26892,1073
73572,1073
58268,1073
81022,1073
51635,1073
14810,1073
65236,1073
41080,1073
40088,1073
43970,1073
1072,1073
95493,1073
16523,1073
70414,1073
29422,1073
72415,1073
82758,1073
43195,1073
73878,1073
69296,1073
4171,1073
26099,1073
26750,1073
22921,1073
56017,1073
63365,1073
25553,1073
82628,1073
70459,1073
51058,1073
99571,1073
19461,1073
14343,1073
24257,1073
64429,1073
53851,1073
70976,1073
12632,1073
9989,1073
86182,1073
8491,1073
1900,1073
85245,1073
58679,1073
19447,1073
37353,1073
65309,1073
93320,1073
85972,1073
40451,1073
43001,1073
90454,1073
83386,1073
50907,1073
90547,1073
52427,1073
36109,1073
25025,1073
86725,1073
58425,1073
46651,1073
6557,1073
4269,1073
27481,1073
6822,1073
26801,1073
15688,1073
50119,1073
97967,1073
18120,1073
5145,1073
70599,1073
72434,1073
40721,1073
96263,1073
27424,1074
7469,1074
61767,1074
77049,1074
70898,1074
50198,1074
48907,1074
74172,1074
14362,1074
54032,1074
92244,1074
56147,1074
78358,1074
4512,1074
59308,1074
72022,1074
63944,1074
95757,1074
13785,1074
71382,1074
91054,1074
64658,1074
29008,1074
24350,1074
45307,1074
17910,1074
7979,1074
49261,1074
73820,1074
71465,1074
72173,1074
34959,1074
86972,1074
30873,1074
26755,1074
45565,1074
97027,1074
84660,1074
67357,1074
82667,1074
71242,1074
29063,1074
99030,1074
75915,1074
90558,1074
6585,1074
11713,1074
65235,1074
97838,1074
99726,1074
77650,1074
34749,1074
6560,1074
37296,1074
75513,1074
65198,1074
8559,1074
27630,1074
6770,1074
79745,1074
75361,1074
26905,1074
26126,1074
91688,1074
55185,1074
13463,1074
43726,1074
29826,1074
67922,1074
54960,1074
44585,1074
50869,1075
3006,1075
70516,1075
16636,1075
40496,1075
59192,1075
43997,1075
73697,1075
1446,1075
49081,1075
98469,1075
88021,1075
74257,1075
34007,1075
20682,1075
20257,1075
25293,1075
84041,1075
36212,1075
93414,1075
54909,1075
15145,1075
56908,1075
75533,1075
52767,1075
66250,1075
67116,1075
17209,1075
29613,1075
20162,1075
76651,1075
45066,1075
66680,1075
79480,1075
24015,1075
39006,1075
7955,1075
47691,1075
57163,1075
57745,1075
35646,1075
38774,1075
96448,1075
48350,1075
97681,1075
33955,1075
39955,1075
28608,1075
66418,1075
25730,1075
67636,1075
95046,1075
22719,1075
74559,1075
30135,1075
25663,1075
37562,1075
5082,1075
22530,1075
44181,1075
27081,1075
730,1075
58962,1075
63091,1075
49220,1075
70737,1075
83514,1075
2500,1075
47048,1075
61243,1075
99397,1075
14521,1075
49416,1076
54524,1076
84894,1076
3287,1076
52735,1076
68237,1076
80190,1076
63641,1076
49319,1076
90448,1076
75993,1076
33086,1076
35126,1076
24913,1076
49809,1076
99470,1076
29239,1076
17823,1076
10655,1076
71852,1076
14653,1076
23640,1076
59081,1076
2786,1076
51565,1076
29559,1076
6760,1076
37872,1076
38061,1076
61321,1076
93081,1076
5211,1076
96752,1076
29474,1076
31514,1076
10590,1076
29163,1076
54670,1076
22036,1076
56898,1076
2812,1076
1881,1076
27452,1076
54581,1076
18412,1076
190,1076
40633,1076
73073,1076
45025,1076
8828,1076
64371,1076
76580,1076
8890,1076
39035,1076
36794,1076
99983,1076
92103,1076
8870,1076
60295,1076
19282,1076
37258,1076
23248,1076
86415,1076
96875,1076
42795,1076
29959,1076
1183,1076
84889,1076
95259,1076
49151,1076
6905,1077
7429,1077
11289,1077
29447,1077
80371,1077
78791,1077
88858,1077
23241,1077
1110,1077
47956,1077
61718,1077
54925,1077
34684,1077
25859,1077
71459,1077
65224,1077
99850,1077
8733,1077
75392,1077
10966,1077
86356,1077
28630,1077
12664,1077
37411,1077
18262,1077
16651,1077
80721,1077
89979,1077
61771,1077
30701,1077
41831,1077
51680,1077
88916,1077
79754,1077
22022,1077
79766,1077
12245,1077
18673,1077
48621,1077
8550,1077
99392,1077
37214,1077
5167,1077
42095,1077
37192,1077
78914,1077
39263,1077
51589,1077
28278,1077
40279,1077
86121,1077
60789,1077
35075,1077
86432,1077
69209,1077
44725,1077
19098,1077
11643,1077
69495,1077
79047,1077
64365,1077
79009,1077
78847,1078
72676,1078
61547,1078
68656,1078
17234,1078
87353,1078
11549,1078
41912,1078
62093,1078
30311,1078
2507,1078
44703,1078
58435,1078
97655,1078
61461,1078
30549,1078
25275,1078
35135,1078
94606,1078
86548,1078
61533,1078
89178,1078
77610,1078
60494,1078
33531,1078
47164,1078
93261,1078
37319,1078
15142,1078
35301,1078
17018,1078
30469,1078
38615,1078
36113,1078
98494,1078
20216,1078
39595,1078
75165,1078
50969,1078
80779,1078
61560,1078
24310,1078
37188,1078
94347,1078
74031,1078
70038,1078
85584,1078
73739,1078
94829,1078
19889,1078
64752,1078
50126,1078
89670,1078
49166,1078
58887,1078
8081,1078
91556,1078
48161,1078
10595,1078
35447,1078
88008,1078
78453,1078
57820,1078
9592,1078
79123,1078
67300,1078
87540,1078
61765,1078
15764,1078
29555,1078
92565,1078
33132,1078
91267,1078
45287,1078
1756,1078
16853,1078
72694,1078
61762,1079
76928,1079
70670,1079
78752,1079
139,1079
77222,1079
20394,1079
75961,1079
34613,1079
20069,1079
18198,1079
72512,1079
87683,1079
81842,1079
11851,1079
69267,1079
81276,1079
65532,1079
82719,1079
69777,1079
97397,1079
80611,1079
9435,1079
91769,1079
53983,1079
7115,1079
46608,1079
84502,1079
68818,1079
23805,1079
54653,1079
23060,1079
19482,1079
47322,1079
98561,1079
54024,1079
14773,1079
73105,1079
42054,1079
93327,1079
7308,1079
89313,1079
81538,1079
32011,1079
77716,1079
97821,1079
92269,1079
68691,1079
24942,1079
58727,1079
90031,1079
74849,1079
51722,1079
86724,1079
97355,1079
30340,1079
99846,1079
82031,1079
29543,1079
22704,1079
88753,1079
62150,1079
12866,1079
20996,1080
10983,1080
50189,1080
49310,1080
61375,1080
63942,1080
72554,1080
59323,1080
18222,1080
94425,1080
73734,1080
36833,1080
23106,1080
65491,1080
68863,1080
66664,1080
80344,1080
23300,1080
28592,1080
63023,1080
71939,1080
37339,1080
60258,1080
92931,1080
82121,1080
56733,1080
66019,1080
92834,1080
70275,1080
2963,1080
86815,1080
39782,1080
89221,1080
77165,1080
37553,1080
50292,1080
52107,1080
534,1080
28627,1080
90072,1080
46126,1080
44432,1080
5551,1080
99647,1080
89503,1080
75631,1080
87044,1080
70022,1080
37996,1080
62832,1080
14317,1080
29848,1080
18467,1080
6580,1080
44253,1080
87724,1080
96289,1080
91282,1080
63586,1080
79779,1080
79855,1080
77058,1080
31215,1080
45623,1080
37935,1080
48333,1081
85029,1081
59649,1081
91416,1081
46768,1081
80937,1081
86751,1081
56673,1081
35741,1081
55917,1081
62855,1081
29611,1081
81072,1081
30025,1081
95578,1081
87093,1081
55182,1081
8585,1081
24031,1081
80217,1081
29203,1081
6457,1081
83674,1081
91026,1081
25862,1081
69575,1081
38227,1081
96570,1081
68760,1081
64705,1081
57237,1081
80635,1081
54263,1081
73406,1081
89820,1081
60537,1081
22901,1081
13428,1081
59370,1081
83819,1081
55008,1081
68595,1081
64310,1081
12211,1081
60150,1081
68248,1081
98383,1081
96789,1081
71080,1081
35703,1081
2915,1081
63653,1081
26134,1081
88744,1081
44056,1081
3459,1081
67145,1081
62876,1081
20564,1081
71254,1081
83811,1081
34373,1081
94555,1081
12698,1081
23526,1081
49055,1081
83023,1081
17566,1081
91224,1081
29013,1081
41817,1081
47403,1081
53856,1081
43723,1081
66948,1081
82476,1081
962,1081
88061,1081
34589,1081
1500,1082
65271,1082
63206,1082
21511,1082
2633,1082
30530,1082
83458,1082
53163,1082
6332,1082
48891,1082
73692,1082
98839,1082
2080,1082
813,1082
97456,1082
54721,1082
8967,1082
14231,1082
10648,1082
5538,1082
79367,1082
62542,1082
82309,1082
23121,1082
49143,1082
71781,1082
46554,1082
73256,1082
76662,1082
95813,1082
73711,1082
15199,1082
67926,1082
81334,1082
62778,1082
82267,1082
65608,1082
97702,1082
69128,1082
77569,1082
46121,1082
86903,1082
38868,1082
5281,1082
32157,1082
53931,1082
88405,1082
9915,1082
94783,1082
28128,1082
74646,1082
58544,1082
72433,1082
94471,1082
79056,1082
60895,1082
9297,1082
83447,1082
92015,1082
40680,1082
35281,1082
26558,1082
69982,1082
31737,1082
50896,1083
20026,1083
4160,1083
84868,1083
66687,1083
23087,1083
3802,1083
88905,1083
32915,1083
41779,1083
17494,1083
80074,1083
31548,1083
42588,1083
69524,1083
88373,1083
24125,1083
38629,1083
63952,1083
77207,1083
20476,1083
40491,1083
28236,1083
32147,1083
77433,1083
65692,1083
15385,1083
86192,1083
10422,1083
43395,1083
27453,1083
24135,1083
38084,1083
3068,1083
70096,1083
53128,1083
22210,1083
39736,1083
76038,1083
50742,1083
24697,1083
71173,1083
89095,1083
48653,1083
43271,1083
71978,1083
934,1083
50585,1083
3477,1083
42343,1083
81229,1083
48825,1083
2087,1083
39416,1083
90246,1083
66332,1083
79304,1083
93322,1083
8991,1083
40197,1083
72457,1083
22391,1083
55612,1083
98002,1083
44317,1084
48815,1084
6206,1084
49625,1084
1574,1084
98089,1084
58864,1084
18299,1084
1845,1084
67138,1084
21238,1084
43546,1084
80858,1084
99028,1084
19214,1084
51163,1084
13585,1084
87887,1084
87279,1084
65318,1084
30148,1084
12915,1084
78727,1084
8041,1084
6731,1084
84896,1084
81130,1084
84809,1084
84090,1084
15807,1084
40478,1084
32883,1084
44128,1084
78077,1084
3286,1084
83644,1084
89840,1084
37138,1084
32813,1084
6300,1084
12423,1084
214,1084
17496,1084
60516,1084
44604,1084
55737,1084
28283,1084
39206,1084
10511,1084
26292,1084
45828,1084
40800,1084
36797,1084
85922,1085
23627,1085
95956,1085
91381,1085
11634,1085
23117,1085
342,1085
9791,1085
8448,1085
41547,1085
57568,1085
27084,1085
17624,1085
70182,1085
91426,1085
25013,1085
70515,1085
79017,1085
90874,1085
84504,1085
4794,1085
81514,1085
10958,1085
5011,1085
50148,1085
56702,1085
32584,1085
65086,1085
16366,1085
25733,1085
37572,1085
84687,1085
40401,1085
17191,1085
11499,1085
56631,1085
15089,1085
28274,1085
90973,1085
82090,1085
19641,1085
79364,1085
7621,1085
80261,1085
41209,1085
39276,1085
95988,1085
24454,1085
9302,1085
59352,1085
61151,1085
869,1085
86528,1085
96176,1085
85413,1085
32886,1085
25895,1085
42274,1085
82820,1085
32056,1085
19083,1085
73982,1085
82304,1085
77260,1085
49555,1085
59294,1085
67392,1085
46440,1085
16616,1085
86068,1085
5541,1085
24685,1085
47509,1085
47248,1085
71293,1085
91114,1085
1698,1085
87516,1085
69383,1085
8507,1085
363,1085
24882,1085
94384,1085
4020,1086
23220,1086
86795,1086
47920,1086
82163,1086
46983,1086
67693,1086
84086,1086
95530,1086
84466,1086
47374,1086
12231,1086
93365,1086
60869,1086
80667,1086
85791,1086
32884,1086
1099,1086
17690,1086
22479,1086
94711,1086
35427,1086
95352,1086
1178,1086
15232,1086
39426,1086
50679,1086
27790,1086
57521,1086
4520,1086
29933,1086
42126,1086
5828,1086
32101,1086
34521,1086
13176,1086
83715,1086
95317,1086
63743,1086
46773,1086
7691,1086
68970,1086
41768,1086
2950,1086
71834,1086
40956,1086
38530,1086
26685,1086
23600,1086
39839,1086
1014,1086
33574,1086
63539,1086
26898,1086
41825,1086
40589,1086
54399,1086
43055,1086
18296,1086
92852,1086
69862,1086
80346,1086
64574,1086
46199,1086
64055,1086
33311,1087
98731,1087
61934,1087
59498,1087
8983,1087
73956,1087
33784,1087
55003,1087
58493,1087
71206,1087
30716,1087
50278,1087
54728,1087
45243,1087
20405,1087
14402,1087
19021,1087
98231,1087
68020,1087
15030,1087
34276,1087
51054,1087
22107,1087
50917,1087
27877,1087
55936,1087
41106,1087
29564,1087
2985,1087
62141,1087
83919,1087
85558,1087
53740,1087
94136,1087
61787,1087
51769,1087
69375,1087
64397,1087
30192,1087
1585,1087
89705,1087
93163,1087
31202,1087
71349,1087
65661,1087
57476,1087
32113,1087
35865,1087
24098,1087
21625,1087
75233,1087
18641,1087
26275,1087
72318,1087
6687,1087
24333,1087
22529,1087
85433,1087
74084,1087
30441,1087
29050,1087
62526,1088
83535,1088
16577,1088
77028,1088
90573,1088
83987,1088
53537,1088
78476,1088
15978,1088
28381,1088
74694,1088
25171,1088
64848,1088
18684,1088
30322,1088
17164,1088
92190,1088
4621,1088
24358,1088
65050,1088
51071,1088
96167,1088
56947,1088
63201,1088
91445,1088
45651,1088
30998,1088
9838,1088
52973,1088
62191,1088
66733,1088
89662,1088
38201,1088
12080,1088
45330,1088
70248,1088
60172,1088
60455,1088
55557,1088
43519,1088
57121,1088
90936,1088
22110,1088
30639,1088
45032,1088
56218,1088
1275,1088
63854,1088
26116,1088
11248,1088
24856,1088
24662,1088
32507,1088
62208,1088
19912,1088
61255,1088
12359,1088
86020,1088
62280,1088
5042,1088
3589,1088
5987,1088
37213,1088
60139,1088
74786,1088
52607,1088
67564,1088
49139,1088
40298,1088
68080,1088
77882,1088
86923,1088
38023,1088
81491,1088
69426,1089
13123,1089
14124,1089
72627,1089
90063,1089
60426,1089
52204,1089
89482,1089
82075,1089
31477,1089
44236,1089
63541,1089
10768,1089
55320,1089
33148,1089
14196,1089
88125,1089
37836,1089
10549,1089
32985,1089
57620,1089
46580,1089
54166,1089
94597,1089
33767,1089
8204,1089
2411,1089
83380,1089
45945,1089
21568,1089
29936,1089
293,1089
33792,1089
87832,1089
95229,1089
63293,1089
99686,1089
55429,1089
24182,1089
18172,1089
7229,1089
7871,1089
73259,1089
61881,1089
10283,1089
50352,1089
46726,1089
21749,1089
21623,1089
41198,1089
90128,1089
99110,1089
84952,1089
82650,1089
9075,1089
4342,1089
73413,1089
51874,1089
62997,1089
33567,1089
18890,1089
22729,1089
92404,1089
11816,1089
67679,1089
79457,1089
40251,1089
3746,1089
43390,1089
78047,1089
15887,1089
16679,1089
44238,1089
55699,1089
27761,1089
54530,1089
51981,1089
71038,1089
82572,1089
93769,1089
89593,1089
38498,1090
77298,1090
21603,1090
2047,1090
53011,1090
73046,1090
7094,1090
40550,1090
94521,1090
99449,1090
14499,1090
12306,1090
69998,1090
67029,1090
2706,1090
42426,1090
62161,1090
11075,1090
71983,1090
44200,1090
93316,1090
39581,1090
5447,1090
42171,1090
63396,1090
84385,1090
1772,1090
97209,1090
25403,1090
44590,1090
58339,1090
68847,1090
6412,1090
13150,1090
83701,1090
23084,1090
79398,1090
99995,1090
36216,1090
1438,1090
55906,1090
82404,1090
18929,1090
89181,1090
30641,1090
91821,1090
97486,1090
87245,1091
51663,1091
83214,1091
45903,1091
62624,1091
35465,1091
98862,1091
33682,1091
7121,1091
35164,1091
61457,1091
28907,1091
11456,1091
19095,1091
80492,1091
85051,1091
18857,1091
79815,1091
62188,1091
91806,1091
82169,1091
59925,1091
4809,1091
11209,1091
52443,1091
91784,1091
59620,1091
31164,1091
48977,1091
6788,1091
84458,1091
20251,1091
87806,1091
99146,1091
92928,1091
66920,1091
6339,1091
77402,1091
82254,1091
31881,1091
68029,1091
45792,1091
54051,1091
873,1091
66389,1091
63573,1091
40187,1091
31663,1091
59865,1091
17281,1091
4901,1091
35221,1092
39565,1092
30088,1092
88446,1092
44538,1092
69558,1092
32845,1092
4198,1092
76519,1092
82543,1092
15976,1092
85818,1092
82468,1092
68705,1092
84881,1092
61932,1092
36955,1092
72224,1092
32114,1092
88689,1092
9187,1092
383,1092
32418,1092
50214,1092
71808,1092
10011,1092
67425,1092
18760,1092
18427,1092
96091,1092
64456,1092
99225,1092
59836,1092
50693,1092
94729,1092
47987,1092
35265,1092
49840,1092
36523,1092
91663,1092
49329,1092
88035,1092
36268,1092
96786,1092
23013,1092
31752,1092
1928,1092
9183,1092
63075,1092
46323,1092
35398,1092
18122,1092
43391,1092
2524,1092
39407,1092
90342,1092
34126,1092
5405,1092
94801,1092
3274,1092
58986,1092
34442,1092
29856,1092
93565,1092
54172,1092
95413,1092
19952,1092
57968,1092
14303,1092
2064,1092
99720,1092
26743,1092
84549,1092
6654,1092
12514,1092
30852,1092
36503,1092
16420,1092
15943,1093
19647,1093
58168,1093
8951,1093
64569,1093
72572,1093
2923,1093
52757,1093
19287,1093
9638,1093
27234,1093
36692,1093
96672,1093
18044,1093
60704,1093
98425,1093
13137,1093
50372,1093
99749,1093
92300,1093
21097,1093
8218,1093
17013,1093
57526,1093
50979,1093
46386,1093
50758,1093
47493,1093
79737,1093
86194,1093
14802,1093
14440,1093
27895,1093
92619,1093
32839,1093
22929,1093
81113,1093
37870,1093
47016,1093
18994,1093
82529,1093
66611,1093
4230,1093
80687,1093
56929,1093
42064,1093
16667,1093
66900,1093
6404,1093
71152,1093
38673,1093
60511,1093
3516,1093
70452,1093
17642,1093
55849,1093
39512,1093
59305,1093
45969,1093
27229,1093
72669,1093
62140,1093
18912,1093
79936,1093
956,1093
98024,1093
26612,1093
85170,1093
5245,1093
47795,1093
69698,1093
58824,1093
37023,1093
95095,1093
23680,1093
28243,1093
70674,1093
11039,1093
93271,1094
58718,1094
7005,1094
40274,1094
43379,1094
92697,1094
20988,1094
77086,1094
23836,1094
44785,1094
10046,1094
97106,1094
71565,1094
95370,1094
75778,1094
34408,1094
24548,1094
5262,1094
13769,1094
69322,1094
66653,1094
50056,1094
85500,1094
56023,1094
60292,1094
46347,1094
56728,1094
11572,1094
70287,1094
47369,1094
80815,1094
45885,1094
71006,1094
21069,1094
29786,1094
25010,1094
45368,1094
77988,1094
11591,1094
59267,1094
51969,1094
21349,1094
96295,1094
43000,1094
63264,1094
68121,1094
52849,1094
88695,1094
81776,1094
17421,1094
30992,1094
1827,1095
41164,1095
59140,1095
25323,1095
21330,1095
24150,1095
65801,1095
1484,1095
46430,1095
43716,1095
33946,1095
59101,1095
13976,1095
39621,1095
13665,1095
57213,1095
97920,1095
26754,1095
59238,1095
34954,1095
99020,1095
38912,1095
46016,1095
42125,1095
46452,1095
69918,1095
27320,1095
87745,1095
76241,1095
17040,1095
76774,1095
53428,1095
2556,1095
72883,1095
20373,1095
23562,1095
54054,1095
64056,1095
43473,1095
686,1095
91108,1095
60367,1095
6362,1095
34228,1095
55497,1095
85928,1095
78817,1095
91286,1095
61181,1095
60023,1095
5917,1095
51154,1095
83645,1095
84616,1095
49354,1095
76976,1095
53625,1095
10305,1095
44299,1095
58819,1095
99220,1095
91956,1095
32436,1095
37961,1095
99689,1095
25510,1095
54546,1095
28162,1095
25577,1095
93934,1095
72470,1096
95612,1096
92783,1096
92035,1096
47029,1096
78314,1096
21831,1096
19867,1096
11599,1096
41033,1096
39351,1096
39566,1096
19982,1096
52675,1096
80795,1096
52944,1096
58122,1096
11128,1096
54251,1096
82531,1096
65522,1096
66076,1096
27241,1096
65371,1096
95074,1096
76111,1096
78603,1096
92754,1096
86634,1096
2440,1096
82656,1096
20833,1096
10767,1096
35380,1096
47132,1096
61215,1096
28213,1096
56861,1096
81572,1096
8580,1096
89681,1096
84822,1096
58737,1096
75942,1096
49682,1096
48687,1096
72644,1096
14803,1096
35245,1096
46241,1096
28754,1096
93899,1096
91561,1096
68240,1096
87194,1096
17904,1096
81558,1096
13935,1096
18638,1096
44489,1096
15560,1096
99320,1096
80882,1096
85334,1096
11420,1096
40321,1096
77046,1096
91654,1096
71175,1096
55816,1096
13421,1096
60029,1096
6677,1096
1614,1096
20297,1096
50149,1096
69456,1096
74886,1096
76667,1096
87277,1096
49567,1096
7092,1097
43088,1097
13482,1097
22972,1097
44344,1097
64453,1097
86515,1097
49767,1097
24544,1097
43324,1097
88897,1097
22304,1097
11247,1097
63555,1097
6009,1097
99510,1097
71217,1097
7882,1097
40393,1097
44360,1097
88093,1097
10064,1097
42982,1097
27772,1097
98176,1097
84683,1097
37124,1097
66619,1097
75982,1097
14238,1097
6630,1097
92311,1097
27748,1097
8381,1097
54688,1097
8083,1097
32495,1097
24340,1097
59169,1097
3462,1097
596,1097
42036,1097
7618,1097
27041,1097
13362,1097
48273,1097
11349,1097
45496,1097
99119,1097
33975,1097
51786,1097
14490,1097
59910,1097
3980,1097
62447,1097
8575,1097
13993,1097
76041,1098
21102,1098
77072,1098
50859,1098
53959,1098
6744,1098
21868,1098
12417,1098
9333,1098
389,1098
87772,1098
24130,1098
7586,1098
4516,1098
16004,1098
42306,1098
97856,1098
64175,1098
87090,1098
95698,1098
17082,1098
79538,1098
96209,1098
13944,1098
24513,1098
88691,1098
62840,1098
83655,1098
57824,1098
80740,1098
33949,1098
59454,1098
26144,1098
84710,1098
39862,1098
10535,1098
8959,1098
21492,1098
29979,1098
20532,1098
21903,1098
86399,1098
71062,1098
98987,1098
89208,1098
41923,1098
63679,1098
11381,1098
26440,1098
97440,1098
44250,1098
7630,1098
81621,1098
26773,1098
8304,1098
55335,1098
83851,1098
50097,1098
62557,1098
19014,1098
10607,1098
90535,1098
4115,1098
82004,1098
75948,1098
79547,1098
45538,1098
47340,1098
63747,1098
65968,1098
89432,1099
31494,1099
62237,1099
98649,1099
68533,1099
69518,1099
15046,1099
85712,1099
39584,1099
57707,1099
40130,1099
53151,1099
38801,1099
87637,1099
63088,1099
64145,1099
63149,1099
23318,1099
27186,1099
19584,1099
41719,1099
95133,1099
92077,1099
91178,1099
93024,1099
7228,1099
60984,1099
90990,1099
61376,1099
59808,1099
78639,1099
29497,1099
68840,1099
92746,1099
88799,1099
29084,1099
77679,1099
18391,1099
17397,1099
6979,1099
13568,1099
8568,1099
16989,1099
29115,1099
14261,1099
48797,1099
31324,1099
10319,1099
33347,1099
11335,1099
58216,1099
48146,1099
62918,1099
19449,1099
53045,1099
67915,1099
27458,1099
59258,1099
66055,1099
92301,1099
41419,1099
50002,1099
99339,1099
85203,1099
82500,1099
51250,1099
64414,1099
34584,1099
12794,1099
47124,1099
80605,1099
85825,1099
64351,1099
75733,1099
40405,1099
11703,1099
75918,1099
5304,1099
2559,1100
3499,1100
39792,1100
86320,1100
2359,1100
57409,1100
91692,1100
87885,1100
93987,1100
28531,1100
39906,1100
97857,1100
23902,1100
48326,1100
4918,1100
11351,1100
23118,1100
37196,1100
96677,1100
98180,1100
2263,1100
84148,1100
6902,1100
